time,totalLiquidVolume_mL,totalLiquidMass_g,meanSaturation
0,6.89971e-06,6.89971e-06,0.0307209
0.005,5.31171e-05,5.31171e-05,0.236504
0.01,7.52637e-05,7.52637e-05,0.335111
0.015,9.23069e-05,9.23069e-05,0.410996
0.02,0.00010669,0.00010669,0.475035
0.025,0.000119367,0.000119367,0.531482
0.03,0.000130831,0.000130831,0.582525
0.035,0.000141373,0.000141373,0.629461
0.04,0.000151164,0.000151164,0.673059
0.045,0.000160266,0.000160266,0.713584
0.05,0.000168618,0.000168618,0.75077
0.055,0.000176094,0.000176094,0.78406
0.06,0.000182563,0.000182563,0.812863
0.065,0.000187919,0.000187919,0.836707
0.07,0.000192089,0.000192089,0.855274
0.075,0.000195055,0.000195055,0.868482
0.08,0.000196956,0.000196956,0.876946
0.085,0.000198164,0.000198164,0.882323
0.09,0.000199008,0.000199008,0.886083
0.095,0.000199653,0.000199653,0.888953
0.1,0.000200173,0.000200173,0.89127
